[
   {
      "id": "1",
      "title": "御苑内の幽霊",
      "location": "新宿御苑",
      "location-id": "1",
      "content": "新宿御苑の静謐な空気の中に、時を超えた不思議な物語が息づいています。<br><br>特に旧御苑地区では、夕暮れ時になると、江戸時代の装束をまとった武士の姿が目撃されることがあるといいます。着物姿で刀を差し、凛とした佇まいのその武士は、かつてこの地を治めていた内藤家の家臣ではないかと言われています。<br><br>目撃証言によると、その武士の姿は、主に日本庭園付近で見られるそうです。古木の間を静かに歩き、時折立ち止まっては庭園を見つめる姿が目撃されています。不思議なことに、その姿に恐怖を感じる人は少なく、むしろ懐かしさや郷愁を覚えるという声が多いのです。<br><br>この地は江戸時代、内藤家の下屋敷として栄えた場所。今も残る日本庭園は、当時の面影を色濃く残しています。その景観を守るかのように、今なお武士の霊が見回りを続けているのかもしれません。<br><br>都会の喧騒の中に佇む静寂の空間に、江戸の記憶は確かに生き続けているのです。",
      "explanation": "テストコメント",
      "brief": "江戸時代の装いをした武士の幽霊が目撃されることがあるそうです。",
      "date": "江戸時代",
      "rating": 4
   },
   {
      "id": "2",
      "title": "池の怪",
      "location": "新宿御苑",
      "location-id": "1",
      "content": "静かな水をたたえる池は、時として奇妙な姿を映し出すと言われています。特に夕暮れ時、水面が朱に染まる頃、水中から人の顔のような影が浮かび上がることがあるといいます。目撃者の証言によれば、その顔は若い女性のもののように見え、悲しげな表情を浮かべているとのこと。<br><br>この現象について、地域の古老たちは興味深い言い伝えを残しています。この地が内藤家の下屋敷だった時代、身分違いの恋に落ちた女性が、思いを遂げられぬまま池に身を投げたという話です。<br><br>不思議なことに、この現象が目撃されるのは、雨上がりの静かな夕暮れ時が多いそうです。水面が鏡のように凪いだその時、池の底から誰かが現代の私たちを見つめているかのよう。<br><br>都会のオアシスとして親しまれる御苑の池も、時として幽玄な物語の舞台となるのです。",
      "explanation": "テストコメント",
      "brief": "御苑内の池で、水面下から人の顔のようなものが浮かび上がるのを見たという噂があります。",
      "date": "江戸時代",
      "rating": 4
   },
   {
      "id": "3",
      "title": "窓に映る顔",
      "location": "西新宿",
      "location-id": "2",
      "content": "超高層ビル群の窓ガラスに、深夜、人の顔が映り込むという噂は、オフィスワーカーたちの間で密かに語り継がれています。特に、残業で人けのなくなった深夜のフロアで、ふと窓の外を見たときに気付くのだといいます。それは、どこか懐かしさを感じさせる、優しい表情の人々の顔。<br><br>目撃証言によると、その姿は高度経済成長期、この地に建つ高層ビル建設に携わった作業員たちの面影なのだとか。時には、作業着姿の男性たちが、今なお完成したビル群を誇らしげに見つめている姿も目撃されるといいます。<br><br>不思議なことに、これらの現象に恐怖を感じる人は少ないそうです。むしろ、東京の発展を見守り続ける先人たちの存在として、その姿を受け止める人が多いのだとか。<br><br>夜の闇に浮かぶ光のモザイクの中に、都市の記憶は今も確かに生きているのです。",
      "explanation": "テストコメント",
      "brief": "西新宿の高層ビル群で、夜間に窓に人の顔が映り込むのを見たという話があります。",
      "date": "1970年代",
      "rating": 4
   },
   {
      "id": "4",
      "title": "十三階の怪",
      "location": "西新宿",
      "location-id": "2",
      "content": "西新宿の高層ビル群では、13階を避けて建てられたビルが少なくありません。しかし、深夜のエレベーターで、実在しないはずの13階に降り立ってしまったという噂が、オフィスワーカーたちの間で囁かれています。<br><br>目撃者の証言によると、その階は不思議な雰囲気に包まれているといいます。80年代のオフィス機器が並び、誰もいないはずなのに、タイプライターを打つ音や電話のベルが鳴り響いているのだとか。壁には古びたカレンダーが掛けられ、時計の針は深夜0時で止まったままだそうです。<br><br>さらに興味深いのは、その空間から抜け出す方法。慌ててエレベーターのボタンを押しても反応せず、ただ非常階段を下りていくしかないと言われています。階段を降りきると、不思議なことに普段の自分のフロアに戻れるのだそうです。<br><br>現代のビジネス街に潜む、もうひとつの時空。それは、都市の記憶が作り出した迷宮なのかもしれません。",
      "explanation": "テストコメント",
      "brief": "13階建て以上のビルで、実際には存在しないはずの13階に降り立ってしまったという体験談があります。",
      "date": "1970年代",
      "rating": 4
   },
   {
      "id": "5",
      "title": "エレベーター",
      "location": "西新宿",
      "location-id": "2",
      "content": "西新宿の高層ビル群、その無数の光が夜の闇に浮かび上がる頃、ひっそりとした怪談が語られます。深夜のエレベーター、無人のオフィスフロアを通り過ぎると、不意に行き先もなく最上階へと向かうことがあるのです。誰もボタンを押していないはずのエレベーターが、無音のまま最上階で止まり、まるで見えない誰かを迎えるかのようにドアが開く。そして、そこにはただ無限の闇と冷たい風が吹き込むばかり。その風には、過去の囁きが混じると人々は言います。最上階ではかつて一人の魂が命を絶ち、その痛ましい想いが夜毎エレベーターを呼び寄せているとか。高層ビルの狭間で行き場を失った霊が、静かな夜に再びこの世へと姿を現し、もう二度と戻ることのない過去を探しているのかもしれません。その静寂に隠された悲劇は、夜空に映るビルの灯りにさえ、消えない影を落とすのです。",
      "explanation": "テストコメント",
      "brief": "西新宿の高層ビルでは、深夜にエレベーターに乗ると勝手に最上階へ向かい、そこには誰もいないのにドアが開くという噂があります。",
      "date": "1980年代",
      "rating": 4
   },
   {
      "id": "6",
      "title": "幽霊ビル",
      "location": "西新宿",
      "location-id": "2",
      "content": "西新宿の高層ビル群の中に、不可思議な空気を纏うビルがあるといいます。<br><br>そのビルに一歩足を踏み入れると、突如として目眩や吐き気、激しい頭痛に襲われるという証言が、複数のオフィスワーカーから報告されています。特に深夜、人気の少なくなった時間帯には、エレベーターホールで誰かが息苦しそうに咳き込む声が聞こえたり、廊下に煙が立ち込めているような錯覚を覚えたりするといいます。<br><br>このビルでは、建設から間もない頃に大規模な火災が発生し、多くの尊い命が失われたと伝えられています。火災報知器が作動せず、上層階に逃げ場を失った人々の無念の想いが、今もなおビルに染み付いているのではないかと噂されています。<br><br>不思議なことに、これらの現象は特定のフロアで強く感じられるそうです。そのフロアは、かつての火災で最も多くの犠牲者を出した場所と一致するといいます。<br><br>都市の発展の陰に隠された悲しい記憶が、今なおこの場所に留まっているのかもしれません。",
      "explanation": "テストコメント",
      "brief": "西新宿には、特定のビルに入ると突然気分が悪くなるという話があります。",
      "date": "1980年代",
      "rating": 4
   },
   {
      "id": "7",
      "title": "消えるホテル",
      "location": "西新宿",
      "location-id": "2",
      "content": "新宿のあるホテルに宿泊すると、夜になるとその部屋が消えてしまうという噂があります。部屋の中には何もない空間が広がるとか……。<br><br>新宿の繁華街にある高層ホテルに宿泊した人々に、部屋に戻るとそこには何もなく、部屋自体が消えてしまっているという不思議な現象が続発しました。朝になって廊下や外に出ると、目の前にはその部屋が存在しないのです。<br><br>この怪奇な出来事は、ホテルの従業員や近隣住民にも広まり、話題となりました。ホテルの関係者たちは当初、何も問題はないと主張しましたが、徐々にこの怖い現象を否定できなくなっていきました。<br><br>宿泊者たちが次々と消える部屋に悩まされたため調査も行われましたが、不可解な答えは見つかりませんでした。この話は、東京の新宿で語り継がれる都市伝説として、多くの人々に恐怖を与え続けています。",
      "explanation": "テストコメント",
      "brief": "新宿の高層ホテルで、夜中に宿泊者の部屋が突然消え、朝になると部屋そのものが存在しないとされる怪奇な話があります。",
      "date": "1980年代",
      "rating": 4
   },
   {
      "id": "8",
      "title": "ラブホの幽霊",
      "location": "歌舞伎町",
      "location-id": "3",
      "content": "新宿歌舞伎町のラブホテルには、数々の幽霊話が伝わっています。特に有名なのは、ある古いホテルで起きる「赤いワンピースの女性」の目撃談です。この幽霊は、夜中に廊下や客室内にふと現れ、無表情でじっと宿泊者を見つめるのだとか。彼女が現れた部屋では、何度も原因不明の音や、ドアの開閉が繰り返されるという報告も。また、他のホテルでは、深夜に誰もいないはずの部屋からすすり泣く声が聞こえる、鏡に知らない人影が映るといった怪現象も頻発しています。これらの話が広まり、一部の宿泊者たちはあえてスリルを求めてこのエリアを訪れることもあるとか…。でも、怖がりの人には注意が必要かもしれませんね。",
      "explanation": "テストコメント",
      "brief": "特定のラブホテルの部屋で、若い女性の幽霊が目撃されるという噂があります。",
      "date": "1970年代",
      "rating": 4
   },
   {
      "id": "9",
      "title": "路地裏の影",
      "location": "歌舞伎町",
      "location-id": "3",
      "content": "歌舞伎町の路地裏には、夜になると「黒い影」が現れるという不気味な噂があります。特に人気のない狭い通りで、この影がまるで壁を這うようにスーッと移動するのを目撃したという証言が後を絶ちません。この影は人の形をしているものの、輪郭がぼやけており、顔や手足ははっきりしないため、まるで闇そのものが動いているかのように感じられるそうです。深夜の静まり返った路地で、この影を見た人は、突然背筋に冷たいものが走るような感覚に襲われ、急いでその場を離れるという話も。また、この影を追いかけようとすると、まるで意識を察したかのように消えてしまうため、正体は未だ謎のまま。地元の人たちの間では、過去の事件や悲劇と関係があるのではないかと囁かれています。",
      "explanation": "テストコメント",
      "brief": "歌舞伎町の路地裏で、人影のような黒い影が壁を這うように移動するのを見たという話があります。",
      "date": "1970年代",
      "rating": 4
   },
   {
      "id": "10",
      "title": "赤いネオン",
      "location": "歌舞伎町",
      "location-id": "3",
      "content": "新宿歌舞伎町の一角には、深夜になると「赤いネオン」が不規則に点滅する場所があり、そこにまつわる奇妙な噂が囁かれています。このネオンは、普段は普通に光っているものの、午前2時を過ぎると突然点滅し始め、近づくと背後に冷たい視線を感じるといいます。その場に立ち止まると、まるで誰かに見られているかのような不気味な気配が背中にじんわりと伝わり、鳥肌が立つ人も多いとか。さらに、このネオンの下でスマートフォンのカメラを起動すると、画面に謎の影が映り込むことがあり、その正体を確かめようとすると影は消えてしまうといいます。地元の古い住人によれば、過去にその場所で不幸な出来事があったとか。いまだ真相は解明されておらず、心霊スポットとして訪れる人も後を絶ちません。",
      "explanation": "テストコメント",
      "brief": "新宿の歌舞伎町には、深夜になると特定の赤いネオンが不規則に点滅し、その下に近づくと不気味な気配を感じるという噂があります。",
      "date": "1970年代",
      "rating": 4
   },
   {
      "id": "11",
      "title": "幽霊の集会",
      "location": "新宿中央公園",
      "location-id": "4",
      "content": "公園の一角では、夜中になると幽霊たちが集まっているという噂が広がっています。深夜の静寂の中、まばらな街灯の光に照らされた場所で、不気味な人影がぼんやりと浮かび上がるといいます。目撃者たちによれば、それらの影はまるで集会を開いているかのように輪になっており、誰も声を発さず、ただ静かに佇んでいるのだとか。近づいて確認しようとすると、突然ふっと消えてしまい、その場には冷たい風だけが残るといいます。また、帰り道に振り返ると、再び集まっているのが見えることもあり、一度見てしまうと何度も夢に出てくるという証言も。地元の人たちは、この場所で過去に何か悲しい出来事があったのではないかと噂し、不気味さから深夜の公園には近づかないようにしているそうです。",
      "explanation": "テストコメント",
      "brief": "公園の一角で、夜中に幽霊たちが集まっているのを見たという目撃談があります。",
      "date": "1980年代",
      "rating": 4
   },
   {
      "id": "12",
      "title": "夜中の笑い声",
      "location": "新宿中央公園",
      "location-id": "4",
      "content": "公園内にある一本の古木のそばでは、深夜になると霊的な現象が起こるという噂が絶えません。特に人気のない時間帯、この木の近くを通りかかると、突然どこからともなく笑い声が響くことがあるのです。その笑い声は、楽しげというよりもむしろ狂気じみた不気味なもので、耳元で囁くように聞こえることも。振り返っても誰もいないため、恐怖に駆られ急いでその場を離れる人も多いとか。また、この木の周囲ではカメラやスマホの調子が急に悪くなり、奇妙なノイズや影が映り込むことも報告されています。地元の古い話によれば、この木の下ではかつて悲劇的な出来事があったとされ、それ以来、この場所にはさまよう霊が集まっているのではないかと囁かれています。そのため、深夜の公園は避けるべき場所とされています。",
      "explanation": "テストコメント",
      "brief": "深夜に誰もいないはずの場所から突然笑い声が聞こえることがあると言われています。",
      "date": "1980年代",
      "rating": 4
   },
   {
      "id": "13",
      "title": "夜の遊具",
      "location": "新宿中央公園",
      "location-id": "4",
      "content": "深夜になると誰もいないはずの遊具が勝手に動き出すという不気味な目撃談が数多くあります。特にブランコが、一人でにゆっくりと揺れ始める様子が頻繁に報告されています。風もない静かな夜に、ギシギシとブランコの軋む音が響き渡ると、思わず足を止めてしまう人も少なくありません。また、滑り台の上に人影が見えたと思いきや、ふっと消えてしまうという奇妙な現象も。目撃者の話では、まるで遊具で遊ぶ子供の霊がいるかのような気配を感じることがあり、近づくと突然寒気に襲われるといいます。地元では、この公園でかつて悲しい出来事があったのではないかと囁かれ、霊が遊具で過去の記憶を再現しているのではないかとも言われています。そのため、深夜にこの公園を訪れる人はほとんどいません。",
      "explanation": "テストコメント",
      "brief": "深夜、誰もいないはずの公園で遊具が動いているのが目撃されることがあるといいます。",
      "date": "1980年代",
      "rating": 4
   },
   {
      "id": "14",
      "title": "怪異な祭壇",
      "location": "花園神社",
      "location-id": "5",
      "content": "花園神社の奥には、普段あまり目に留まらない古い祭壇があり、夜遅くにその周囲を歩くと奇妙な気配を感じるという噂が広がっています。特に、神社の祭りが終わった後、この祭壇の前で写真を撮ると、何か得体の知れないものが写り込むことがあるといいます。影のような人影や、白いもやが浮かび上がる写真が何度も報告され、地元の間では「祭りで呼び寄せられた霊が未練を残して集まっているのでは」と囁かれています。また、深夜にこの祭壇に近づくと、まるで誰かに見られているような背筋の寒さを感じることがあり、その場を急いで離れる参拝者も多いとか。神社の神聖な雰囲気の裏に隠されたこの不思議な現象は、地元の人々の間で今も恐れられています。",
      "explanation": "テストコメント",
      "brief": "花園神社の祭壇の周りを歩いていると不気味な気配を感じることがあるといいます。",
      "date": "1980年代",
      "rating": 4
   },
   {
      "id": "15",
      "title": "改札口の子供",
      "location": "新宿駅",
      "location-id": "6",
      "content": "新宿駅の改札口付近では、深夜に「泣いている子供の幽霊」が目撃されるという不気味な噂が絶えません。目撃者の話によれば、終電が過ぎて人影もまばらになる時間帯に、改札近くで小さな子供がすすり泣いているのが見えるのだとか。周囲に人がいないはずなのに、かすかな泣き声が響き渡り、心配して声をかけようとすると、子供の姿はふっと消えてしまうといいます。また、その子供に触れようとすると、冷たい空気が手に触れるだけで、まるでそこに実体がないかのような感覚に襲われるそうです。この幽霊は、一度目撃すると何度も同じ場所で見かけるようになるという話もあり、「駅に取り憑かれているのではないか」とささやかれています。地元の人たちの間では、この駅で過去に起こった悲しい出来事が関係しているのではないかと噂されています。",
      "explanation": "テストコメント",
      "brief": "深夜、改札口で泣いている子供の幽霊が目撃されるという話があります。",
      "date": "1980年代",
      "rating": 4
   },
   {
      "id": "16",
      "title": "13番ホームの女",
      "location": "新宿駅",
      "location-id": "6",
      "content": "JR新宿駅のホームには、深夜になると「白い服を着た女性の幽霊」が現れるという恐ろしい噂が広がっています。特に終電が近づく時間帯、この女性がホームの端に静かに立っている姿が目撃されることが多いといいます。遠くから見ると、彼女はまるで電車を待っているかのように見えますが、電車が到着しても乗ることはなく、ふと目を離すと姿が消えてしまうのです。目撃者の証言によれば、その女性は無表情で、目が合った瞬間、背筋が凍るような恐怖を感じるとか。また、彼女の周囲だけが異様に冷たい空気に包まれているともいわれています。このホームでは、過去に不慮の事故が起こったことから、「その女性は亡くなった魂の彷徨う姿ではないか」とささやかれ、地元の人々から恐れられています。深夜の13番ホームは、まさに心霊スポットとして有名になっています。",
      "explanation": "テストコメント",
      "brief": "JR新宿駅ホームで白い服を着た女性の幽霊が目撃されるという噂があります。",
      "date": "1990年代",
      "rating": 4
   },
   {
      "id": "17",
      "title": "駅の無人列車",
      "location": "新宿駅",
      "location-id": "6",
      "content": "新宿駅には、深夜の終電後に「幽霊列車」が現れるという不気味な怪談が語り継がれています。誰もいないはずの時間帯に、静まり返ったホームに突然電車が滑り込んでくるのです。車両の内部は真っ暗で、誰一人乗客の姿は見えず、車掌もいない状態。それでも、電車は一旦停車し、まるで乗客を待つかのようにドアが開きますが、誰も乗ることができないと言われています。近づいて覗き込んだ人の話では、暗闇の中から無数の視線を感じ、全身に鳥肌が立つ恐怖に襲われるとか。そして、気がつくと列車は音もなくスーッとホームを離れ、闇に消えていくのです。この現象は特に13番ホーム付近で多く目撃され、過去の事故や不幸な出来事が関係しているのではないかと噂されています。まさに「誰も乗ることのできない幽霊列車」として、地元の人々に恐れられています。",
      "explanation": "テストコメント",
      "brief": "深夜の終電後に、誰も乗っていないはずの電車が静かにホームに現れ、また消えてしまうという怪談があります。",
      "date": "1990年代",
      "rating": 4
   },
   {
      "id": "18",
      "title": "無顔の人影",
      "location": "新宿駅",
      "location-id": "6",
      "content": "新宿駅のホームでは、深夜になると「顔のない人影」が目撃されるという不気味な噂が広がっています。この人影は無言でホームに佇んでおり、遠目には普通の人に見えますが、近づいて顔を確認しようとすると、目や口などがまったくない「のっぺらぼう」のような姿だと気づくのです。特に怖いのは、この人影と目が合った瞬間、まるで意識を感じ取ったかのようにこちらに向かってゆっくりと歩き出すことです。しかし、怖くなって振り返りながら逃げると、いつの間にかその姿は消えてしまい、後には冷たい風だけが残るといいます。目撃者の中には、この影を見た夜は悪夢に悩まされるという人も多く、駅のホームでのこの怪現象は今も語り継がれています。地元では「未練を抱えた魂が迷い続けているのでは」と恐れられています。",
      "explanation": "テストコメント",
      "brief": "駅のホームで、顔のない人影を目撃したという話が何度も語られています。",
      "date": "1990年代",
      "rating": 4
   },
   {
      "id": "19",
      "title": "地下の海",
      "location": "新宿駅",
      "location-id": "6",
      "content": "新宿駅の地下には「隠された海」があるという奇妙な噂が囁かれています。深夜、人影がまばらな時間帯に、駅の地下深くへと続く階段を降りていくと、突然、潮の匂いが漂い始め、かすかな波の音が聞こえてくるのだとか。さらに進むと、まるで異世界に迷い込んだかのように、目の前に広がる砂浜と打ち寄せる波が現れるというのです。しかし、その海は触れようとすると手がすり抜け、まるで幻のように消えてしまうため、実在するかどうかは誰も確かめられていません。目撃者の話では、この現象は特定の時間にしか現れず、見た者はその後、不思議な夢を見ることが多いといいます。地元では、この海は新宿の地下に埋もれた過去の秘密を映し出しているのではないかと囁かれ、駅の奥深くには決して踏み込むべきではないと警告されています。",
      "explanation": "テストコメント",
      "brief": "新宿駅の地下に海があるという噂があります。",
      "date": "1980年代",
      "rating": 4
   },
   {
      "id": "20",
      "title": "幽霊書類",
      "location": "新宿区役所",
      "location-id": "7",
      "content": "新宿区役所では、夜勤をしている職員の間で、深夜に「謎の書類」が一人でに机の上に積み重なるという怪奇現象が話題になっています。この現象は、誰もいないはずのオフィスで起こり、深夜に一人で仕事をしていると、いつの間にか机に未確認の書類が増えていることに気づくのだとか。さらに、それらの書類は提出履歴もなく、内容も意味不明で、どこにも所属しないものとされています。この奇妙な現象の背景には、かつてこの区役所で過労の末に亡くなった職員の霊が、完了しなかった仕事を続けているという都市伝説が囁かれています。職員たちの間では、「書類に手を触れると、亡くなった職員の未練が移る」と恐れられ、誰も深夜にその書類に近づこうとはしません。このため、深夜の区役所は今もひっそりとした恐怖が漂っています。",
      "explanation": "テストコメント",
      "brief": "新宿区役所では、夜勤をしている職員の間で、夜中に一人でに机の上に書類が積み重なるという怪奇現象が起きるという噂があります。",
      "date": "1980年代",
      "rating": 4
   },
   {
      "id": "21",
      "title": "駐車場の幽霊車",
      "location": "新宿区",
      "location-id": "8",
      "content": "深夜、誰も乗っていないはずの車が突然エンジンをかけ、ゆっくりと動き出すという目撃証言が複数あると言われています。<br><br>特に興味深いのは、この現象が起きる場所が決まっているとされる点です。それは、数年前に交通事故で若い運転手が亡くなったとされる区画付近だと言われています。目撃者の証言によると、動き出した車は決まったルートを走り、数分後には元の駐車スペースに戻ってくるそうです。<br><br>地元の古い住民の間では、事故で命を落とした運転手の無念の想いが、この現象の原因ではないかと囁かれています。生前よく利用していた駐車場を、死後もなお走り続けているのではないかという解釈です。<br><br>もちろん、これは単なる都市伝説かもしれませんが、深夜の地下駐車場の薄暗い空間と相まって、独特の不気味な雰囲気を醸し出す話として語り継がれています。",
      "explanation": "テストコメント",
      "brief": "新宿にある地下駐車場では、夜中に無人の車が勝手に動き出すことがあると言われています。",
      "date": "1990年代",
      "rating": 4
   },
   {
      "id": "22",
      "title": "昔の幽霊",
      "location": "新宿ゴールデン街",
      "location-id": "9",
      "content": "昭和の面影を色濃く残すゴールデン街では、夜更けになると不思議な現象が起きると言われています。特に人気の絶えた深夜、かつて賑わっていた頃の酒宴の声や笑い声が聞こえてくるという噂があります。<br><br>路地裏の古いバーでは、数十年前に亡くなった常連客の姿を目撃したという証言も。カウンター席に座って、生前と同じように酒を飲んでいる姿が目撃されるそうです。また、すでに閉店した店の中から、かつての店主が客と話している声が漏れ聞こえてくることもあるといいます。<br><br>特に興味深いのは、これらの目撃情報のほとんどが、ゴールデン街が最も栄えていた1970年代の装いをした人物に関するものだという点です。当時の活気と賑わいが、時空を超えて現代に漏れ出してくるかのようです。<br><br>現在も営業を続ける店主たちの中には、これらの現象を「昔の仲間たちが、今でも大切な場所を見守ってくれているんだ」と温かく受け止める人もいるそうです。",
      "explanation": "テストコメント",
      "brief": "新宿ゴールデン街では、かつてのバーの客や店主の幽霊が現れるとされ、夜中に奇妙な声が聞こえるという噂があります。",
      "date": "1970年代",
      "rating": 4
   },
   {
      "id": "23",
      "title": "首切り地蔵",
      "location": "新宿区",
      "location-id": "10",
      "content": "江戸時代、この地域では処刑が行われていたとされ、多くの人々が橋の上で首を切られたという悲しい歴史があります。その後、近くの川で首の部分が切断された状態の地蔵菩薩像が発見されました。地域の人々は、この地蔵菩薩像が処刑された人々の怨念を受けて首が切られたのではないかと考えました。<br><br>寺院に安置された後、不思議な現象が起き始めたといいます。特に夜中、橋の上を歩く人々の前に、首のない地蔵が現れるという噂が広まりました。しかし、この地蔵の出現は、悪意を持った者に対してのみだったと言われています。<br><br>地域の古老たちは、この地蔵菩薩は処刑された人々の無念を受け止め、その魂を慰めながら、同時に新たな悪事が起きないよう見守っているのだと語り継いでいます。現在でもこの地蔵菩薩像は、地域の人々から特別な存在として大切に祀られているそうです。<br><br>ある意味で、この地蔵菩薩像は、悲しい歴史を持つこの地の守り神として、人々の心の中に生き続けているのかもしれません。",
      "explanation": "テストコメント",
      "brief": "首が切断された状態で発見された地蔵菩薩像が、新宿区内のある寺院にあるという。その地蔵菩薩像が発見された場所にかかる橋は、かつて、首切り地蔵の霊が橋の上で首を切られる人々の無念を晴らしていたと言われています。",
      "date": "江戸時代",
      "rating": 4
   },
   {
      "id": "24",
      "title": "四谷怪談",
      "location": "四谷",
      "location-id": "11",
      "content": "闇夜を引き裂く女の叫び声が、四谷の街に今も響き渡るかのようです。<br><br>江戸時代を代表する怪談劇として知られる「東海道四谷怪談」は、作家・鶴屋南北が描いた復讐と執念の物語です。主人公のお岩は、夫・民谷伊右衛門の裏切りによって毒を盛られ、醜く変わり果てた姿で死を迎えます。しかし、その死は新たな物語の始まりでした。<br><br>深い怨念と共に戻ったお岩の幽霊は、伊右衛門を死の淵まで追い詰めていきます。長い黒髪を垂らし、腐れた顔で現れる姿は、日本の怪談における女性の幽霊の代名詞となりました。<br><br>特筆すべきは、この作品が単なる怪談を超えて、人間の業と欲望、そして愛が憎しみに変わる様を鮮やかに描き出している点です。お岩の復讐は、決して個人的な恨みだけではなく、封建社会における女性の立場や、人間の深い業を象徴しているのです。<br><br>今なお、四谷の街を歩けば、どこかでお岩の物語が息づいているように感じられます。それは、人間の心の闇を映す鏡として、私たちに警鐘を鳴らし続けているのかもしれません。",
      "explanation": "テストコメント",
      "brief": "四谷怪談は、1825年に初演された江戸時代を代表する怪談劇です。",
      "date": "江戸時代",
      "rating": 4
   },
   {
      "id": "25",
      "title": "戸山公園",
      "location": "戸山公園",
      "location-id": "12",
      "content": "戸山公園は心霊スポットとして知られており、軍の人体実験の被験者が埋められていたとか、心霊写真が高確率で撮れると言われています。<br><br>戸山公園には、夜になると「消えた病院」が現れるという都市伝説が存在します。この場所は戦時中、傷病兵を治療する病院があったとされ、その病院跡地には未だに霊が彷徨っていると噂されています。特に公園の奥にある茂みの中では、夜遅くに人影や白衣を着た医師の幽霊が目撃されることがあり、近づくとふっと消えてしまうのだとか。また、深夜になると誰もいないはずの場所から助けを求める声が聞こえ、足を踏み入れると道に迷うという話も広がっています。<br><br>さらに、公園の一角にある古びた階段では、階段を数えても下りた数と上った数が合わないという不思議な体験が報告されています。地元の人々は、「過去の悲劇に囚われた霊たちが今も彷徨っているのではないか」と恐れ、公園には深夜に近づかないようにしているそうです。",
      "explanation": "テストコメント",
      "brief": "戸山公園は心霊スポットとして知られており、軍の人体実験の被験者が埋められていたとか、心霊写真が高確率で撮れると言われています。",
      "date": "1960年代",
      "rating": 4
   }
]

